{"cameraMode":{"drawMode":0,"name":"Shaded","section":"Shading Mode"},"sceneLighting":false,"audioPlay":false,"sceneViewState":{"m_AlwaysRefresh":false,"showFog":false,"showSkybox":false,"showFlares":false,"showImageEffects":false,"showParticleSystems":false,"showVisualEffectGraphs":true,"m_FxEnabled":true},"in2DMode":false,"pivot":{"x":-0.42968976497650149,"y":0.05328476428985596,"z":-1.6423265933990479},"rotation":{"x":-0.019866373389959337,"y":0.972508430480957,"z":-0.21370621025562287,"w":-0.09041042625904083},"size":1.9027304649353028,"orthographic":false}