{"cameraMode":{"drawMode":0,"name":"Shaded","section":"Shading Mode"},"sceneLighting":true,"audioPlay":false,"sceneViewState":{"m_AlwaysRefresh":false,"showFog":true,"showSkybox":true,"showFlares":true,"showImageEffects":true,"showParticleSystems":true,"showVisualEffectGraphs":true,"m_FxEnabled":true},"in2DMode":false,"pivot":{"x":-0.33311766386032107,"y":0.7609455585479736,"z":-0.13368380069732667},"rotation":{"x":-0.03092932514846325,"y":0.9646928906440735,"z":-0.2256826013326645,"w":-0.1322087198495865},"size":0.9473608732223511,"orthographic":false}