{"cameraMode":{"drawMode":0,"name":"Shaded","section":"Shading Mode"},"sceneLighting":false,"audioPlay":false,"sceneViewState":{"m_AlwaysRefresh":false,"showFog":false,"showSkybox":false,"showFlares":false,"showImageEffects":false,"showParticleSystems":false,"showVisualEffectGraphs":true,"m_FxEnabled":true},"in2DMode":false,"pivot":{"x":0.009221524000167847,"y":0.7866543531417847,"z":0.05481173098087311},"rotation":{"x":-0.03092932514846325,"y":0.9646928906440735,"z":-0.2256826013326645,"w":-0.1322087198495865},"size":0.9427379369735718,"orthographic":false}